{
  "features": [
    "Glucose",
    "BMI",
    "Age",
    "DiabetesPedigreeFunction"
  ],
  "coef": [
    1.0627802344115724,
    0.6158638561185075,
    0.28754952703314596,
    0.1965515188873266
  ],
  "intercept": -0.8500414102630709,
  "scaler_mean": [
    120.91061452513966,
    32.13463687150836,
    33.5512104283054,
    0.4805288640595905
  ],
  "scaler_scale": [
    31.26416876550776,
    7.799533929898061,
    11.783651973905455,
    0.3349411849829437
  ]
}